data,loja,produto,quantidade,preco_unitario,regiao,categoria
2026-01-05,Loja A,Notebook,2.0,3500.0,Sudeste,Eletrônicos
2026-01-12,Loja B,Mouse,15.0,80.0,Sul,Eletrônicos
2026-01-20,Loja C,Teclado,10.0,150.0,Nordeste,Eletrônicos
2026-02-03,Loja A,Monitor,5.0,900.0,Sudeste,Eletrônicos
2026-02-14,Loja B,Notebook,,3400.0,Sul,Eletrônicos
2026-02-22,Loja C,Mouse,20.0,75.0,Nordeste,Eletrônicos
2026-03-04,Loja A,Cadeira,8.0,650.0,Sudeste,Móveis
2026-03-15,Loja B,Teclado,12.0,145.0,Sul,Eletrônicos
2026-03-25,Loja C,Monitor,6.0,880.0,Nordeste,Eletrônicos
2026-04-02,Loja A,Notebook,4.0,3300.0,Sudeste,Eletrônicos
2026-04-11,Loja B,Cadeira,7.0,620.0,Sul,Móveis
2026-04-23,Loja C,Mouse,25.0,70.0,Nordeste,Eletrônicos
2026-05-06,Loja A,Teclado,18.0,140.0,Sudeste,Eletrônicos
2026-05-17,Loja B,Monitor,7.0,850.0,Sul,Eletrônicos
2026-05-28,Loja C,Notebook,2.0,3200.0,Nordeste,Eletrônicos
2026-06-03,Loja A,Cadeira,10.0,600.0,Sudeste,Móveis
2026-06-14,Loja B,Mouse,30.0,,Sul,Eletrônicos
2026-06-26,Loja C,Teclado,15.0,135.0,Nordeste,Eletrônicos
2026-07-05,Loja A,Monitor,8.0,820.0,Sudeste,Eletrônicos
2026-07-16,Loja B,Notebook,4.0,3150.0,Sul,Eletrônicos
2026-07-27,Loja C,Cadeira,9.0,580.0,Nordeste,Móveis
2026-08-04,Loja A,Mouse,35.0,65.0,Sudeste,Eletrônicos
2026-08-15,Loja B,Teclado,20.0,130.0,Sul,Eletrônicos
2026-08-26,Loja C,Monitor,9.0,790.0,Nordeste,Eletrônicos
2026-09-03,Loja A,Notebook,3.0,3100.0,Sudeste,Eletrônicos
2026-09-14,Loja B,Cadeira,11.0,560.0,Sul,Móveis
2026-09-25,Loja C,Mouse,40.0,60.0,Nordeste,Eletrônicos
2026-10-05,Loja A,Teclado,22.0,125.0,Sudeste,Eletrônicos
2026-10-16,Loja B,Monitor,10.0,760.0,Sul,Eletrônicos
2026-10-27,Loja C,Notebook,3.0,3000.0,Nordeste,Eletrônicos
2026-11-04,Loja A,Cadeira,12.0,540.0,Sudeste,Móveis
2026-11-15,Loja B,Mouse,45.0,58.0,Sul,Eletrônicos
2026-11-26,Loja C,Teclado,25.0,120.0,Nordeste,Eletrônicos
2026-12-05,Loja A,Monitor,11.0,730.0,Sudeste,Eletrônicos
2026-12-16,Loja B,Notebook,5.0,2950.0,Sul,Eletrônicos
2026-12-27,Loja C,Cadeira,13.0,520.0,Nordeste,Móveis
