,UF,pop_2010,pop_2022,dif_estado
0,SP,41262199,44411238,3149039
1,SC,6248436,7610361,1361925
2,GO,6003788,7056495,1052707
3,PR,10444526,11444380,999854
4,MG,19597330,20539989,942659
5,MT,3035122,3658649,623527
6,PA,7581051,8120131,539080
7,AM,3483985,3941613,457628
8,CE,8452381,8794957,342576
9,ES,3514952,3833712,318760
10,MS,2449024,2757013,307989
11,PE,8796448,9058931,262483
12,PB,3766528,3974687,208159
13,MA,6574789,6776699,201910
14,RS,10693929,10882965,189036
15,RR,450479,636707,186228
16,PI,3118360,3271199,152839
17,SE,2068017,2210004,141987
18,RN,3168027,3302729,134702
19,TO,1383445,1511460,128015
20,BA,14016906,14141626,124720
21,AC,733559,830018,96459
22,RJ,15989929,16055174,65245
23,AP,669526,733759,64233
24,RO,1562409,1581196,18787
25,AL,3120494,3127683,7189
